<?xml version="1.0" encoding="utf-8"?>
<extension type="module" version="0.0.1" client="site" method="upgrade">
    <name>Hello, World!</name>
    <author>Christian Marienfeld</author>
    <version>0.0.1</version>
    <description>A simple Hello, World! module.</description>
    <files>
        <filename>mod_helloworld.xml</filename>
        <filename module="mod_helloworld">mod_helloworld.php</filename>
        <filename>index.html</filename>
        <filename>helper.php</filename>
        <filename>tmpl/default.php</filename>
        <filename>tmpl/index.html</filename>
    </files>
    <config>
    </config>
</extension>
